model,method,M,roc_auc_mean,average_precision_mean,brier_mean,accuracy_mean,f1_mean,precision_mean,recall_mean,roc_auc_std,average_precision_std,brier_std,accuracy_std,f1_std,precision_std,recall_std,ens_roc_auc,ens_average_precision,ens_accuracy,ens_f1,ens_precision,ens_recall,ens_brier
random_forest,isotonic,3,0.7516073354908306,0.4840822196072102,0.144786174123645,0.8026499302649931,0.314803226255041,0.6273258904837853,0.2103559870550162,0.0062828499671808,0.0197961918058841,0.0017409972290533,0.0120985715292171,0.0338907247315238,0.0944286984122067,0.0226537216828479,0.7535922330097088,0.4888530967801454,0.801255230125523,0.3065693430656934,0.6176470588235294,0.203883495145631,0.1444403606160481
random_forest,raw,3,0.7479827400215749,0.4637703365631558,0.1459858382147838,0.8005578800557881,0.2592147435897436,0.6518518518518518,0.16181229773462782,0.006924591704028264,0.011375438397837187,0.0012515196848710945,0.0133045913726213,0.03947686618668914,0.13100016230526387,0.02265372168284791,0.7500453074433656,0.46996102009142543,0.801255230125523,0.25196850393700787,0.6666666666666666,0.1553398058252427,0.14574139562993957
