column,dtype,n_missing,pct_missing
aptt,float64,176,11.062225015713388
inr,float64,158,9.93086109365179
pt,float64,158,9.93086109365179
calcium,float64,68,4.274041483343809
temperature,float64,35,2.1998742928975488
glucose,float64,20,1.2570710245128849
wbc,float64,19,1.1942174732872408
sodium,float64,18,1.1313639220615963
chloride,float64,17,1.0685103708359522
aniongap,float64,17,1.0685103708359522
