model,method,roc_auc,ap
random_forest,raw,0.7505113268608414,0.4392390773889655
random_forest,isotonic,0.7505113268608414,0.43923907738896556
