{
  "model": "random_forest",
  "outer_folds": 5,
  "inner_trials": 30,
  "n_samples": 1591,
  "n_features": 8,
  "features": [
    "bun",
    "spo2",
    "heart_rate",
    "bicarbonate",
    "pt",
    "sbp",
    "platelets",
    "hemoglobin"
  ],
  "use_ros": true,
  "class_weight": {
    "0": 1.0,
    "1": 3.65
  },
  "metrics_mean": {
    "auc": 0.7542880486994867,
    "ap": 0.45209768030687414,
    "brier": 0.25763182094645376,
    "acc@0.5": 0.5759231876343132,
    "f1@0.5": 0.46076600502241705,
    "prec@0.5": 0.3290554403091316,
    "recall@0.5": 0.8094629156010228,
    "acc@Y": 0.7423414364858737,
    "f1@Y": 0.4464019149379169,
    "prec@Y": 0.42420147642130945,
    "recall@Y": 0.49360613810741694
  },
  "metrics_std": {
    "auc": 0.023608859665456755,
    "ap": 0.04098381185751796,
    "brier": 0.0681411461260382,
    "acc@0.5": 0.148775396313179,
    "f1@0.5": 0.04969974541573967,
    "prec@0.5": 0.05157785443743887,
    "recall@0.5": 0.11712535833884273,
    "acc@Y": 0.032696003842420156,
    "f1@Y": 0.0343367061169433,
    "prec@Y": 0.026336238997678313,
    "recall@Y": 0.1283947329485554
  }
}