m,model,method,n_test,features,roc_auc,average_precision,accuracy,f1,precision,recall,brier
3,random_forest,raw,478,8,0.7433656957928804,0.4552653093725547,0.7907949790794979,0.23076923076923078,0.5555555555555556,0.14563106796116504,0.14686364016736403
