model,method,n_test,prevalence,roc_auc,roc_auc_lo,roc_auc_hi,ap,ap_lo,ap_hi,brier,accuracy,f1,precision,recall
random_forest,raw,478,0.21548117154811716,0.7505113268608414,0.6979024130578731,0.8017336973983322,0.43923907738896556,0.3578573348386725,0.5535450046698533,0.14716036798888504,0.797071129707113,0.31205673758865243,0.5789473684210527,0.21359223300970873
