metric,value,model,M,roc_auc,accuracy,f1,precision,recall,brier,avg_precision,thr,base_model,method,n_test,prevalence,roc_auc_lo,roc_auc_hi,ap,ap_lo,ap_hi
roc_auc,0.7872750809061488,,,,,,,,,,,,,,,,,,,
brier,0.1405819851231985,,,,,,,,,,,,,,,,,,,
,,random_forest,3.0,0.7505113268608414,0.797071129707113,0.3120567375886525,0.5789473684210527,0.2135922330097087,0.147160367988885,0.4392390773889655,0.5,,,,,,,,,
,,random_forest_isotonic,3.0,0.7505113268608414,0.797071129707113,0.3120567375886525,0.5789473684210527,0.2135922330097087,0.147160367988885,0.4392390773889655,0.5,random_forest,isotonic,,,,,,,
,,random_forest,,0.7505113268608414,0.797071129707113,0.31205673758865243,0.5789473684210527,0.21359223300970873,0.14716036798888504,,,,raw,478.0,0.21548117154811716,0.6979024130578731,0.8017336973983322,0.43923907738896556,0.3578573348386725,0.5535450046698533
