model,auc_lo,auc_hi,ap_lo,ap_hi,n_test,prevalence,method
random_forest,0.6979024130578731,0.8017336973983322,0.3578573348386725,0.5535450046698533,478,0.21548117154811716,raw
