{
  "model": "random_forest",
  "m": 20,
  "auc_mean": 0.7842088722995937,
  "auc_95ci_lo": 0.7757304557082644,
  "auc_95ci_hi": 0.7924525221453693,
  "brier_mean": 0.14008137176093347,
  "brier_95ci_lo": 0.13834312901717258,
  "brier_95ci_hi": 0.14181961450469435,
  "auc_list": [
    0.7859417475728154,
    0.7889708737864078,
    0.7740582524271844,
    0.7879093851132687,
    0.7803236245954691,
    0.7814368932038834,
    0.7848543689320389,
    0.7869255663430421,
    0.7809449838187702,
    0.7885566343042072,
    0.7890485436893205,
    0.7862524271844661,
    0.7858122977346278,
    0.7861747572815533,
    0.7870032362459547,
    0.7831974110032363,
    0.778537216828479,
    0.7834045307443367,
    0.7869514563106795,
    0.7773203883495146
  ],
  "brier_list": [
    0.14037553338847164,
    0.13987369626294874,
    0.14170980204003986,
    0.1391117470037362,
    0.14024092879948896,
    0.1408256584660793,
    0.13994086936986763,
    0.1388155402945974,
    0.1413323672736213,
    0.13932484556927593,
    0.13914164559781994,
    0.13947136472378346,
    0.14003705435260752,
    0.13912366499739723,
    0.1397377936000967,
    0.14013265925645746,
    0.14123719379212887,
    0.14054528420145793,
    0.13927441222821008,
    0.1413753740005828
  ]
}