{
  "grid_min": 0.01,
  "grid_max": 0.99,
  "step": 0.001,
  "n": 981,
  "prevalence": 0.21548117154811716,
  "youden_thr": 0.29274336360780034,
  "f1_thr": 0.29199999999999976,
  "sens_targets": [
    [
      0.9,
      0.01
    ]
  ],
  "spec_targets": [
    [
      0.8,
      0.33299999999999974
    ]
  ]
}